ADICIONALES / DEDUCTIVOS,,,,,,,,,,,
,,,,,,,,,,,
Ítem,Código,Tipo,Descripción,Sustento / referencia,Unidad,Cantidad,Precio unitario,Monto,Estado,Fecha,Observaciones
1,ADC-01,Adicional,Refuerzo de cableado,RFI-04,gl,1,"S/. 3,200.00","S/. 3,200.00",Aprobado,2026-03-24,
2,DED-01,Deductivo,Reducción de tabique,OC-02,m²,12,S/. 95.00,"S/. 1,140.00",Aprobado,2026-03-26,
,,,,,,,,-,,,
,,,,,,,,-,,,
,,,,,,,,-,,,
,,,,,,,,-,,,
,,,,,,,,-,,,
,,,,,,,,-,,,
,,,,,,,,-,,,
,,,,,,,,-,,,
,,,,,,,,-,,,
,,,,,,,,-,,,
,,,,,,,,-,,,
,,,,,,,,-,,,
,,,,,,,,-,,,
,,,,,,,,-,,,
,,,,,,,,-,,,
,,,,,,,,-,,,
,,,,,,,,-,,,
,,,,,,,,-,,,
,,,,,,,,-,,,
,,,,,,,,-,,,
,,,,,,,,-,,,
,,,,,,,,-,,,
,,,,,,,,-,,,
,,,,,,,,-,,,
,,,,,,,,-,,,
,,,,,,,,-,,,
,,,,,,,,-,,,
,,,,,,,,-,,,
,,,,,,,,-,,,
,,,,,,,,-,,,
,,,,,,,,-,,,
,,,,,,,,-,,,
,,,,,,,,-,,,
,,,,,,,,-,,,
,,,,,,,,-,,,
,,,,,,,,-,,,
,,,,,,,,-,,,
,,,,,,,,-,,,
,,,,,,,,-,,,
,,,,,,,,-,,,
,,,,,,,,-,,,
,,,,,,,,-,,,
,,,,,,,,-,,,
,,,,,,,,-,,,
,,,,,,,,-,,,
,,,,,,,,-,,,
,,,,,,,,-,,,
,,,,,,,,-,,,
,,,,,,,,-,,,
,,,,,,,,-,,,
,,,,,,,,-,,,
,,,,,,,,-,,,
,,,,,,,,-,,,
,,,,,,,,-,,,
,,,,,,,,-,,,
,,,,,,,,-,,,
,,,,,,,,-,,,
,,,,,,,,-,,,
,,,,,,,,-,,,
,,,,,,,,-,,,
,,,,,,,,-,,,
,,,,,,,,-,,,
,,,,,,,,-,,,
,,,,,,,,-,,,
,,,,,,,,-,,,
,,,,,,,,-,,,
,,,,,,,,-,,,
,,,,,,,,-,,,
,,,,,,,,-,,,
,,,,,,,,-,,,
,,,,,,,,-,,,
,,,,,,,,-,,,
,,,,,,,,-,,,
,,,,,,,,-,,,
,,,,,,,,-,,,
,,,,,,,,-,,,
,,,,,,,,-,,,
,,,,,,,,-,,,
,,,,,,,,-,,,
,,,,,,,,-,,,
,,,,,,,,-,,,
,,,,,,,,-,,,
,,,,,,,,-,,,
,,,,,,,,-,,,
,,,,,,,,-,,,
,,,,,,,,-,,,
,,,,,,,,-,,,
,,,,,,,,-,,,
,,,,,,,,-,,,
,,,,,,,,-,,,
,,,,,,,,-,,,
,,,,,,,,-,,,
,,,,,,,,-,,,
,,,,,,,,-,,,
,,,,,,,,-,,,
,,,,,,,,-,,,
,,,,,,,,-,,,
,,,,,,,,-,,,
