CONTROL DE PAGOS,,,,,,,,,,
,,,,,,,,,,
N.° valorización,Periodo,Fecha de emisión,Monto presentado,Monto aprobado,Fecha de aprobación,Fecha de pago,Monto pagado,Saldo por pagar,Estado,Observaciones
1,Mes 1,2026-03-31,"S/. 23,530.00","S/. 23,530.00",2026-04-05,2026-04-12,"S/. 23,530.00",-,Pagado,
,,,,,,,,-,,
,,,,,,,,-,,
,,,,,,,,-,,
,,,,,,,,-,,
,,,,,,,,-,,
,,,,,,,,-,,
,,,,,,,,-,,
,,,,,,,,-,,
,,,,,,,,-,,
,,,,,,,,-,,
,,,,,,,,-,,
,,,,,,,,-,,
,,,,,,,,-,,
,,,,,,,,-,,
,,,,,,,,-,,
,,,,,,,,-,,
,,,,,,,,-,,
,,,,,,,,-,,
,,,,,,,,-,,
,,,,,,,,-,,
,,,,,,,,-,,
,,,,,,,,-,,
,,,,,,,,-,,
,,,,,,,,-,,
,,,,,,,,-,,
,,,,,,,,-,,
,,,,,,,,-,,
,,,,,,,,-,,
,,,,,,,,-,,
,,,,,,,,-,,
,,,,,,,,-,,
,,,,,,,,-,,
,,,,,,,,-,,
,,,,,,,,-,,
,,,,,,,,-,,
,,,,,,,,-,,
,,,,,,,,-,,
,,,,,,,,-,,
,,,,,,,,-,,
,,,,,,,,-,,
,,,,,,,,-,,
,,,,,,,,-,,
,,,,,,,,-,,
,,,,,,,,-,,
,,,,,,,,-,,
,,,,,,,,-,,
,,,,,,,,-,,
,,,,,,,,-,,
,,,,,,,,-,,
